date,repo,stars,forks,watchers,open_issues,open_prs,latest_release,default_branch,visibility,pushed_at
2026-06-01,dylanzhangzx/dknowc-official-doc-writer,0,0,0,0,0,none,main,public,2026-05-27T08:02:17Z
2026-06-02,dylanzhangzx/dknowc-official-doc-writer,0,0,0,0,0,none,main,public,2026-05-27T08:02:17Z
2026-06-03,dylanzhangzx/dknowc-official-doc-writer,0,0,0,0,0,none,main,public,2026-05-27T08:02:17Z
2026-06-04,dylanzhangzx/dknowc-official-doc-writer,0,0,0,0,0,none,main,public,2026-05-27T08:02:17Z
2026-06-05,dylanzhangzx/dknowc-official-doc-writer,0,0,0,0,0,none,main,public,2026-06-04T07:21:18Z
2026-06-06,dylanzhangzx/dknowc-official-doc-writer,0,0,0,0,0,none,main,public,2026-06-05T03:00:43Z
2026-06-07,dylanzhangzx/dknowc-official-doc-writer,0,0,0,0,0,none,main,public,2026-06-05T03:00:43Z
2026-06-08,dylanzhangzx/dknowc-official-doc-writer,0,0,0,0,0,none,main,public,2026-06-05T03:00:43Z
2026-06-09,dylanzhangzx/dknowc-official-doc-writer,0,0,0,0,0,none,main,public,2026-06-08T09:05:57Z
2026-06-10,dylanzhangzx/dknowc-official-doc-writer,0,0,0,0,0,none,main,public,2026-06-08T09:05:57Z
2026-06-11,dylanzhangzx/dknowc-official-doc-writer,0,0,0,0,0,none,main,public,2026-06-10T10:43:19Z
